{
  "identifier": "dev.randombits.theme-template",
  "name": "Theme Template",
  "content_type": "SN|Theme",
  "area": "themes",
  "description": "Theme template for Standard Notes",
  "version": "0.1.0",
  "url": "https://nienow.github.io/sn-theme-template/theme.css",
  "download_url": "https://nienow.github.io/sn-theme-template/latest.zip",
  "marketing_url": "https://nienow.github.io/sn-theme-template/",
  "latest_url": "https://nienow.github.io/sn-theme-template/ext.json",
  "dock_icon": {
    "type": "circle",
    "background_color": "#0000ff",
    "foreground_color": "#00ff00",
    "border_color": "#ff0000"
  },
  "isDark": true
}
